student_id,age,major,previous_gpa,scholarship,weekly_study_hours,lms_logins_per_week,video_watched_pct,forum_posts,assignment_ontime_pct,quiz_avg,midterm_grade,advising_action
1001,23,Biology,2.56,True,10,8,96.12,2,56.48,67.85,81.04,Mandatory_Advising_Meeting
1002,21,History,2.61,True,25,3,65.37,6,96.81,61.27,87.11,No_Action_Needed
1003,22,English,3.07,True,6,7,58.95,5,70.28,72.95,75.4,Wellness_Referral
1004,21,English,3.78,False,7,10,65.19,2,91.13,63.07,51.62,Mandatory_Advising_Meeting
1005,18,CompSci,3.09,False,19,2,64.55,7,66.02,73.16,90.66,
1006,18,CompSci,2.07,True,12,14,84.49,7,76.48,61.67,74.46,Mandatory_Advising_Meeting
1007,21,English,2.56,False,5,14,25.63,0,94.47,72.19,49.06,
1008,23,CompSci,2.65,False,12,10,98.14,7,52.18,59.57,86.6,
1009,20,Physics,2.51,True,24,9,95.79,8,70.93,74.97,69.41,No_Action_Needed
1010,21,Biology,2.52,False,12,3,87.52,1,91.62,87.96,70.22,Monitor_Progress
1011,21,Biology,2.85,True,13,4,43.44,5,71.87,88.89,70.63,Recommend_Tutoring
1012,21,Physics,2.97,True,12,7,93.03,9,59.43,82.93,46.66,
1013,20,CompSci,2.04,False,16,8,31.69,2,95.35,86.03,70.76,Mandatory_Advising_Meeting
1014,22,Physics,3.35,False,24,5,85.7,8,94.58,50.29,56.39,
1015,19,Biology,2.41,False,8,6,40.15,6,68.41,96.78,98.65,Monitor_Progress
1016,22,English,3.86,False,24,11,95.85,6,98.66,82.63,66.76,
1017,20,English,2.24,True,14,8,59.74,2,91.37,86.98,95.95,Mandatory_Advising_Meeting
1018,19,CompSci,3.05,False,22,6,71.7,4,57.0,85.06,49.88,
1019,21,Biology,3.95,True,6,6,59.31,8,63.72,69.86,69.7,
1020,22,Biology,3.68,True,16,11,84.18,10,50.95,62.15,47.91,
1021,23,History,3.3,True,9,5,27.7,0,70.56,56.18,80.08,Wellness_Referral
1022,23,English,2.57,True,21,7,36.32,6,70.56,91.01,87.98,Mandatory_Advising_Meeting
1023,21,English,3.96,True,22,8,33.02,10,76.17,70.46,52.09,Mandatory_Advising_Meeting
1024,20,Biology,3.1,True,10,9,75.62,0,78.09,66.4,82.6,Mandatory_Advising_Meeting
1025,19,Biology,3.69,False,16,1,26.07,2,51.57,98.25,74.97,
1026,19,Biology,2.77,False,6,2,40.43,10,92.64,74.83,51.69,
1027,20,Physics,3.53,True,7,1,96.66,6,71.2,56.47,82.36,Mandatory_Advising_Meeting
1028,21,Physics,2.75,True,10,1,84.31,4,63.83,96.45,73.1,Recommend_Tutoring
1029,20,English,3.56,False,5,6,49.45,0,65.76,57.38,61.03,Monitor_Progress
1030,23,History,3.61,False,17,2,28.81,8,85.01,58.42,85.9,
1031,22,Biology,2.83,False,23,13,22.78,7,63.52,82.98,77.77,Mandatory_Advising_Meeting
1032,19,English,3.05,True,5,12,35.42,10,95.24,75.5,82.39,Monitor_Progress
1033,23,Biology,2.17,True,25,9,31.68,8,66.17,61.08,81.62,Check_In_Engagement
1034,21,CompSci,2.08,False,22,3,89.67,4,78.26,55.76,90.65,
1035,19,English,3.77,False,19,2,88.92,3,64.69,50.33,92.8,Wellness_Referral
1036,23,English,2.26,True,9,13,30.86,9,68.88,84.9,75.06,Wellness_Referral
1037,23,English,2.03,True,11,1,80.16,9,59.48,52.45,88.52,
1038,19,Physics,2.14,False,19,5,94.36,3,58.47,90.4,85.62,
1039,19,English,3.75,False,13,9,63.88,2,88.21,59.73,53.84,Recommend_Tutoring
1040,23,Physics,3.61,False,7,11,60.41,8,97.55,91.52,51.8,
1041,23,Biology,3.64,True,10,3,80.84,10,62.25,65.6,47.18,No_Action_Needed
1042,21,History,2.69,False,18,1,96.54,7,65.48,78.22,53.7,Wellness_Referral
1043,21,History,2.81,True,10,13,40.4,7,81.3,76.42,89.53,Wellness_Referral
1044,23,Physics,2.79,False,7,12,43.08,2,50.86,89.29,64.88,
1045,20,CompSci,2.74,True,11,15,45.69,7,52.54,53.81,54.6,
1046,21,Biology,2.18,True,5,5,56.49,2,82.53,85.09,98.87,
1047,22,CompSci,2.66,False,21,13,48.98,9,84.69,60.38,53.48,Recommend_Tutoring
1048,20,History,2.99,False,5,11,35.72,9,52.57,53.6,72.15,
1049,23,History,2.43,True,18,11,37.62,10,79.09,55.2,69.37,Check_In_Engagement
1050,20,English,2.94,True,8,4,43.34,8,59.58,99.16,78.16,
1051,19,English,2.43,True,23,15,77.68,4,88.3,71.39,50.94,
1052,23,English,2.74,True,12,13,85.67,2,95.63,84.13,53.8,No_Action_Needed
1053,20,Physics,2.14,True,14,3,80.35,9,60.64,82.02,57.87,Mandatory_Advising_Meeting
1054,20,Biology,3.46,True,8,13,63.33,9,50.08,83.54,89.97,Wellness_Referral
1055,18,Physics,2.14,False,24,1,93.17,5,63.49,66.53,92.68,
1056,23,English,2.22,False,23,13,46.37,10,84.33,53.02,79.25,Mandatory_Advising_Meeting
1057,23,Biology,2.3,False,18,7,25.43,8,91.1,55.39,69.29,
1058,19,Physics,2.3,False,18,6,60.44,7,98.17,53.84,72.25,
1059,20,Biology,2.42,True,5,13,90.16,3,62.02,84.78,55.64,
1060,22,Biology,3.4,False,15,6,56.74,9,64.42,60.76,60.51,Check_In_Engagement
1061,18,Physics,3.24,False,6,13,59.99,2,85.66,61.57,52.41,Mandatory_Advising_Meeting
1062,19,English,2.1,True,8,14,27.0,6,67.37,54.92,83.74,
1063,23,Physics,3.32,True,22,7,72.65,0,83.1,50.67,63.48,
1064,23,English,2.28,False,17,4,80.45,7,91.3,93.32,84.06,
1065,18,Biology,3.82,True,23,6,52.47,2,87.52,91.36,94.02,
1066,22,English,3.31,True,20,10,67.23,1,63.37,88.3,54.34,
1067,21,Biology,2.62,False,11,3,50.79,6,52.57,89.74,69.13,Recommend_Tutoring
1068,20,History,2.24,False,15,13,30.83,0,54.06,76.66,87.19,
1069,21,History,3.64,True,24,6,24.56,6,71.21,51.77,87.84,
1070,18,CompSci,3.16,False,9,8,49.5,0,63.93,85.81,48.1,
1071,21,Biology,4.0,False,11,14,30.87,7,66.47,98.46,77.76,
1072,21,Physics,3.15,True,9,3,98.48,7,52.58,81.68,94.63,Wellness_Referral
1073,23,Physics,3.36,True,21,7,96.34,0,51.81,54.85,59.98,Mandatory_Advising_Meeting
1074,20,History,2.56,True,21,5,88.26,9,61.75,59.01,79.85,Check_In_Engagement
1075,18,Biology,2.56,False,18,7,72.58,10,73.58,92.55,88.3,
1076,20,CompSci,3.4,False,18,1,49.63,9,72.5,76.51,59.58,Monitor_Progress
1077,21,Physics,3.03,False,14,11,32.74,0,69.6,57.92,80.46,Mandatory_Advising_Meeting
1078,19,CompSci,3.54,False,21,7,49.33,0,87.96,91.81,96.31,
1079,21,CompSci,3.6,True,6,6,27.53,1,74.61,87.67,71.65,
1080,20,CompSci,3.27,False,6,5,82.68,8,85.76,88.21,66.94,Recommend_Tutoring
1081,21,CompSci,2.48,False,22,9,47.86,3,87.47,97.43,92.39,
1082,23,CompSci,3.07,True,10,8,56.13,4,55.31,83.3,95.24,Recommend_Tutoring
1083,18,History,3.89,True,17,1,90.18,7,61.38,67.33,60.42,Mandatory_Advising_Meeting
1084,19,Physics,2.66,True,5,7,85.68,10,77.3,80.66,49.09,
1085,22,History,3.41,False,7,4,99.72,10,80.51,60.18,91.5,
1086,22,English,2.3,False,13,6,37.0,9,77.98,75.48,80.33,
1087,21,History,2.69,True,22,15,76.79,1,74.15,58.2,73.23,
1088,19,History,3.01,False,9,11,46.55,1,65.39,77.03,89.78,Check_In_Engagement
1089,22,CompSci,2.73,True,10,5,76.45,8,53.15,86.32,48.92,Mandatory_Advising_Meeting
1090,18,Biology,3.13,False,8,2,25.34,1,75.72,91.87,54.27,
1091,18,Biology,2.34,True,23,13,84.93,10,84.98,80.22,98.4,No_Action_Needed
1092,18,English,2.56,False,6,9,58.13,4,54.6,96.53,75.6,
1093,19,English,3.27,True,18,10,30.86,5,67.16,78.92,53.51,Mandatory_Advising_Meeting
1094,19,Biology,2.69,True,25,15,27.16,6,77.98,69.83,89.2,
1095,22,Physics,2.42,True,25,7,97.86,4,98.39,54.43,48.26,
1096,18,CompSci,3.74,False,21,1,68.33,10,60.7,70.33,82.93,
1097,19,Physics,3.76,False,19,5,66.16,3,81.97,71.15,49.75,Mandatory_Advising_Meeting
1098,21,CompSci,2.57,False,8,11,50.52,2,75.83,87.16,78.84,
1099,18,Biology,2.26,True,23,3,82.54,9,65.8,62.6,82.35,Wellness_Referral
1100,18,Physics,2.39,False,6,5,86.08,3,80.05,59.35,64.83,Recommend_Tutoring
1101,20,Physics,2.72,True,5,9,68.03,5,86.27,96.6,67.6,
1102,19,English,3.55,True,18,1,20.87,8,96.66,66.22,45.09,
1103,22,Physics,3.17,False,7,1,28.96,4,57.16,56.66,56.91,
1104,19,History,2.26,False,14,9,77.1,3,90.27,91.15,51.7,Recommend_Tutoring
1105,18,English,3.67,False,17,7,58.41,7,56.29,90.12,65.36,
1106,18,CompSci,2.37,False,22,9,81.53,3,77.18,65.11,56.62,Wellness_Referral
1107,21,Biology,2.47,True,19,8,31.32,0,74.99,55.28,89.49,
1108,23,English,3.04,False,9,15,47.79,3,95.02,86.61,89.54,Recommend_Tutoring
1109,22,CompSci,3.73,True,24,3,96.95,10,85.01,54.17,86.76,
1110,23,Biology,2.23,False,7,9,81.99,5,63.78,85.97,49.28,No_Action_Needed
1111,22,English,2.71,True,16,4,49.61,10,95.32,98.7,82.51,No_Action_Needed
1112,18,History,2.01,False,15,12,63.67,9,58.91,76.87,81.55,Mandatory_Advising_Meeting
1113,23,CompSci,3.12,False,25,2,75.81,5,93.47,94.18,59.65,
1114,18,History,2.22,True,25,12,96.79,6,59.9,92.03,49.38,
1115,20,English,3.42,True,23,1,96.45,2,59.94,87.8,53.6,Recommend_Tutoring
1116,20,Biology,2.94,False,19,8,30.46,5,62.92,81.6,92.78,Check_In_Engagement
1117,18,Biology,2.77,True,7,13,43.04,5,62.08,80.9,72.3,Wellness_Referral
1118,21,Physics,3.35,False,20,11,23.78,9,80.64,77.38,84.52,
1119,19,English,2.87,False,15,11,50.54,10,88.29,85.42,98.66,Mandatory_Advising_Meeting
1120,21,Biology,3.49,False,11,12,47.68,3,69.1,65.09,48.56,
1121,22,Biology,3.66,True,15,15,30.07,4,64.38,58.11,88.14,
1122,21,Physics,3.94,False,23,15,97.21,4,82.67,57.73,46.97,No_Action_Needed
1123,22,Biology,2.1,False,23,15,23.97,7,54.44,88.77,87.67,
1124,22,CompSci,3.92,False,23,14,80.73,6,67.49,70.2,98.17,
1125,20,English,2.28,False,9,1,80.08,10,94.8,99.78,78.76,Mandatory_Advising_Meeting
1126,20,Biology,3.79,True,24,13,71.71,6,65.12,54.75,58.45,
1127,20,English,3.36,False,24,4,44.38,0,82.33,87.27,63.96,
1128,21,English,2.08,False,14,3,23.68,1,72.83,66.17,77.84,
1129,23,Physics,2.88,False,11,2,92.28,10,97.85,54.57,89.69,Check_In_Engagement
1130,23,History,2.04,False,15,13,58.42,4,82.38,82.57,52.13,Wellness_Referral
1131,22,Physics,3.68,False,14,14,65.48,1,59.84,82.08,69.81,
1132,22,Physics,3.68,True,10,2,91.62,5,72.74,88.21,71.36,
1133,21,English,2.9,False,20,11,27.81,1,50.08,72.56,96.31,
1134,22,Physics,3.58,True,15,9,55.55,9,50.05,71.17,93.55,Recommend_Tutoring
1135,19,Physics,3.47,False,15,10,91.62,0,79.64,94.64,85.4,Check_In_Engagement
1136,23,History,2.36,True,20,11,24.89,2,95.54,62.63,95.59,Monitor_Progress
1137,18,Biology,3.05,False,20,2,51.98,6,51.74,97.88,51.81,No_Action_Needed
1138,20,English,2.09,False,10,7,22.74,9,69.21,89.64,62.66,
1139,19,Physics,2.4,True,12,3,82.2,8,65.44,57.47,83.5,Wellness_Referral
1140,21,History,2.63,True,13,11,52.12,9,91.64,72.93,86.11,
1141,23,Biology,2.59,False,7,8,65.15,9,60.08,62.03,63.02,Monitor_Progress
1142,18,History,3.07,False,5,13,67.38,7,69.12,87.63,55.41,Check_In_Engagement
1143,20,Biology,2.21,True,7,12,48.76,3,81.79,84.51,57.84,
1144,20,CompSci,3.44,True,23,1,49.45,5,60.07,65.09,75.39,Check_In_Engagement
1145,22,English,3.76,False,20,5,27.24,6,67.27,75.53,54.72,No_Action_Needed
1146,18,Physics,2.3,True,6,15,33.72,3,88.64,65.19,69.77,Monitor_Progress
1147,22,History,2.27,True,13,14,29.42,9,53.24,91.0,61.55,
1148,22,Physics,2.24,True,10,10,41.79,0,95.42,64.75,47.12,
1149,23,English,3.63,True,8,6,68.57,5,80.51,60.82,80.99,Recommend_Tutoring
1150,20,English,3.89,False,12,15,26.89,6,80.3,52.19,52.78,Monitor_Progress
1151,19,English,2.36,True,11,6,65.97,0,79.39,93.32,81.38,
1152,23,Biology,3.86,False,5,12,30.1,0,83.24,82.88,88.34,Recommend_Tutoring
1153,20,CompSci,3.95,True,21,15,91.81,4,57.08,85.62,74.81,Check_In_Engagement
1154,18,Physics,2.65,False,10,2,60.91,7,75.96,90.48,53.38,Monitor_Progress
1155,19,History,2.34,True,22,11,84.91,5,65.56,71.88,90.75,
1156,23,Physics,2.12,False,19,6,22.09,3,99.72,53.36,67.61,
1157,20,History,2.79,False,15,11,72.76,7,70.49,78.9,75.04,Mandatory_Advising_Meeting
1158,23,English,3.5,True,23,10,99.7,7,99.45,95.68,68.53,No_Action_Needed
1159,20,Physics,3.7,False,20,2,28.12,1,85.73,89.49,64.38,
1160,22,Physics,2.08,True,9,7,69.36,0,88.26,88.95,67.98,Mandatory_Advising_Meeting
1161,21,CompSci,3.39,True,6,3,31.94,9,93.55,73.67,86.54,Wellness_Referral
1162,18,CompSci,2.76,False,6,4,92.25,4,90.29,58.1,74.21,Recommend_Tutoring
1163,21,CompSci,2.92,False,15,10,39.59,8,86.13,97.09,69.12,
1164,21,CompSci,2.72,False,21,2,31.87,8,74.7,59.86,87.99,
1165,19,Physics,2.83,False,13,3,38.29,10,79.09,87.74,85.29,Recommend_Tutoring
1166,22,Biology,2.25,False,10,3,25.09,6,92.62,72.95,99.23,
1167,21,History,3.85,False,19,11,91.43,5,86.1,68.33,86.95,
1168,18,Physics,2.06,False,22,14,61.78,5,50.33,57.13,57.71,
1169,18,Biology,2.05,True,14,9,21.06,3,91.0,74.3,94.68,
1170,23,CompSci,3.54,True,7,2,95.12,10,77.15,76.35,95.3,Mandatory_Advising_Meeting
1171,21,Biology,3.77,True,15,9,64.16,1,91.49,63.24,96.15,No_Action_Needed
1172,23,CompSci,2.41,True,16,2,20.77,0,82.54,69.5,68.44,Wellness_Referral
1173,23,Biology,2.54,True,12,15,22.78,4,52.62,82.49,47.71,
1174,22,English,2.84,False,6,5,67.1,5,57.52,71.4,82.29,Check_In_Engagement
1175,18,Physics,2.57,True,7,14,35.51,10,69.48,87.86,66.61,Check_In_Engagement
1176,20,English,2.16,False,11,13,26.83,10,98.82,62.02,96.65,Monitor_Progress
1177,21,English,2.04,True,15,11,61.09,7,50.55,88.31,48.77,
1178,22,CompSci,2.2,False,11,12,24.69,2,62.76,87.9,56.88,
1179,21,CompSci,3.32,False,19,11,57.21,9,58.79,65.69,70.3,
1180,20,History,3.52,True,16,8,33.47,3,50.16,59.08,61.1,Check_In_Engagement
1181,22,History,2.57,False,19,13,21.21,7,99.43,76.63,71.7,Monitor_Progress
1182,20,CompSci,2.77,True,17,15,46.05,3,61.66,92.49,45.5,Monitor_Progress
1183,22,English,2.04,True,5,10,38.62,6,95.49,53.64,99.19,
1184,18,Biology,3.8,False,13,8,83.04,10,58.51,68.43,58.42,Recommend_Tutoring
1185,21,Physics,2.29,False,11,2,44.06,5,57.4,96.81,67.18,Check_In_Engagement
1186,21,Physics,3.13,False,17,12,28.8,9,63.6,94.16,89.32,
1187,19,English,3.84,False,14,8,91.8,3,54.21,61.06,85.64,
1188,21,Biology,2.17,False,25,11,64.25,4,76.5,76.94,51.48,Wellness_Referral
1189,20,CompSci,3.51,True,15,10,62.26,0,75.86,57.56,91.05,
1190,20,Biology,2.05,True,25,11,63.48,9,74.95,95.72,96.54,
1191,21,CompSci,2.27,False,24,15,27.64,1,54.21,63.99,47.48,
1192,19,Physics,2.1,True,8,8,88.56,6,94.25,66.69,70.44,Recommend_Tutoring
1193,22,Physics,2.86,False,10,5,67.23,0,71.2,93.8,88.73,Recommend_Tutoring
1194,19,CompSci,3.42,True,10,11,68.93,2,74.03,73.47,90.61,Monitor_Progress
1195,18,History,3.31,False,10,6,51.6,3,72.59,92.76,82.27,
1196,22,Physics,3.06,True,7,5,59.87,1,54.47,61.62,91.89,Check_In_Engagement
1197,22,English,3.79,True,24,7,35.66,10,93.66,80.29,83.55,Mandatory_Advising_Meeting
1198,23,Biology,2.85,False,21,9,98.07,2,70.34,69.58,63.2,Mandatory_Advising_Meeting
1199,19,English,2.92,True,20,2,47.58,6,87.75,57.63,76.61,
1200,19,English,2.19,True,17,1,47.19,2,63.71,95.83,82.09,Wellness_Referral
1201,21,CompSci,2.8,False,8,11,48.01,1,87.97,60.81,84.96,Wellness_Referral
1202,19,English,2.31,True,24,6,47.81,9,79.99,83.63,80.75,
1203,20,Physics,2.78,True,6,2,61.74,7,62.52,71.52,45.04,
1204,23,English,3.77,False,22,8,30.73,9,84.02,86.73,96.54,
1205,21,Biology,2.09,True,20,13,65.91,9,91.22,67.33,99.93,
1206,22,History,3.01,True,19,7,79.46,1,53.51,66.11,55.52,Check_In_Engagement
1207,19,History,2.77,False,19,10,54.35,3,64.42,88.09,72.55,Mandatory_Advising_Meeting
1208,23,Physics,3.21,True,18,2,54.87,6,55.4,86.21,97.94,Recommend_Tutoring
1209,23,CompSci,3.62,False,10,13,82.89,7,74.92,93.45,76.3,
1210,21,History,3.65,False,12,14,83.1,6,63.87,87.44,97.0,
1211,20,History,2.58,False,10,4,87.5,5,67.1,58.85,57.54,Mandatory_Advising_Meeting
1212,19,History,3.89,False,14,6,39.47,10,58.5,85.65,51.8,
1213,22,History,3.95,False,5,15,74.65,6,96.67,59.17,80.22,
1214,22,CompSci,2.4,False,6,11,76.24,2,80.61,62.24,65.91,Mandatory_Advising_Meeting
1215,19,Physics,3.94,False,22,6,85.62,0,76.03,67.26,59.9,Mandatory_Advising_Meeting
1216,22,CompSci,2.96,False,14,13,52.28,9,68.68,78.4,95.18,Recommend_Tutoring
1217,20,CompSci,3.05,False,15,14,83.82,7,92.78,63.19,53.61,
1218,18,CompSci,2.59,False,21,13,63.83,9,95.44,57.74,84.11,No_Action_Needed
1219,21,English,2.41,False,15,11,84.74,2,94.76,61.54,45.39,Mandatory_Advising_Meeting
1220,22,English,3.31,False,25,14,63.08,3,96.44,75.48,70.39,Monitor_Progress
1221,18,History,2.51,False,23,14,69.83,7,99.91,76.57,59.16,
1222,23,History,2.83,False,15,11,98.35,0,82.2,74.1,59.26,
1223,23,History,2.19,True,21,15,29.38,3,70.64,90.14,86.64,
1224,19,CompSci,3.06,True,24,10,43.1,3,94.6,94.78,73.33,No_Action_Needed
1225,21,CompSci,3.48,False,16,3,42.17,7,97.14,66.18,95.63,No_Action_Needed
1226,20,Physics,2.4,True,5,2,80.72,5,59.62,88.98,82.8,Check_In_Engagement
1227,20,History,2.26,True,21,11,42.24,6,65.99,62.69,71.3,
1228,18,Biology,3.13,True,16,5,47.16,6,96.28,56.32,76.44,Check_In_Engagement
1229,23,Physics,2.08,False,12,3,52.9,0,61.22,82.62,56.31,
1230,22,History,2.51,False,9,13,65.04,9,52.35,84.18,65.88,Recommend_Tutoring
1231,20,History,2.27,False,23,11,30.61,5,62.57,81.13,89.13,
1232,21,English,3.44,True,8,7,59.74,3,58.43,75.9,53.04,
1233,18,CompSci,2.65,False,21,4,43.65,4,68.67,74.35,54.44,
1234,23,CompSci,3.8,True,18,2,77.41,5,81.39,96.43,90.95,Wellness_Referral
1235,21,English,2.73,False,17,9,65.71,4,97.36,70.09,46.18,Monitor_Progress
1236,21,English,3.52,True,11,1,67.34,6,85.07,69.95,56.36,Monitor_Progress
1237,21,Biology,3.14,False,8,12,32.49,7,62.14,81.18,86.72,Mandatory_Advising_Meeting
1238,23,History,2.56,True,18,15,23.9,1,81.57,97.36,84.37,
1239,18,English,3.71,False,11,4,40.2,9,89.47,98.34,50.37,
1240,23,English,2.45,True,8,12,24.56,4,50.01,92.95,78.16,Recommend_Tutoring
1241,22,English,2.63,False,21,8,52.63,5,74.15,90.99,96.64,No_Action_Needed
1242,19,Biology,2.61,False,19,6,63.12,10,91.44,62.43,47.82,Monitor_Progress
1243,23,English,3.58,False,6,6,31.92,9,73.99,97.14,92.08,
1244,23,Physics,3.24,False,8,15,58.7,0,96.89,61.78,64.71,Mandatory_Advising_Meeting
1245,21,English,2.62,True,8,1,63.06,3,73.79,99.11,74.72,
1246,18,English,3.46,True,17,2,21.14,7,96.62,79.16,61.68,
1247,20,CompSci,2.84,True,22,15,55.29,6,80.6,77.59,74.46,Recommend_Tutoring
1248,19,Physics,2.81,True,7,8,89.75,2,76.35,58.59,66.56,
1249,18,History,3.42,False,11,2,96.05,8,75.6,99.5,49.62,Monitor_Progress
1250,21,Biology,2.12,False,9,5,66.15,0,92.51,97.24,75.58,Monitor_Progress
1251,20,History,2.87,True,23,14,74.89,7,66.75,98.46,65.42,Recommend_Tutoring
1252,23,Biology,2.53,True,11,14,52.51,6,59.72,95.56,91.35,
1253,18,CompSci,2.21,True,13,6,67.93,5,79.77,80.15,62.07,
1254,19,Biology,3.49,False,10,14,34.89,1,72.44,89.19,81.46,
1255,18,Biology,2.95,True,10,12,60.5,10,68.03,74.96,53.91,
1256,22,CompSci,3.45,False,7,13,37.78,4,85.79,92.53,70.84,
1257,21,History,3.52,False,23,1,32.65,10,69.41,68.61,69.49,Monitor_Progress
1258,19,Physics,3.75,False,21,13,52.9,2,57.66,59.0,83.04,
1259,18,Physics,3.72,True,9,7,21.33,5,52.47,63.53,59.07,Recommend_Tutoring
1260,23,CompSci,3.41,True,9,7,52.19,1,52.72,84.15,98.4,
1261,20,Biology,3.52,True,11,2,83.29,0,52.57,50.34,92.97,Recommend_Tutoring
1262,23,History,3.36,True,23,7,33.05,1,95.46,88.33,75.48,
1263,20,History,3.59,False,17,2,61.72,0,78.06,72.81,97.83,
1264,19,Physics,2.63,True,5,4,43.51,3,63.82,73.9,81.32,Monitor_Progress
1265,23,CompSci,3.01,False,17,2,22.89,8,66.49,79.94,73.04,Monitor_Progress
1266,18,Physics,3.94,True,9,1,91.97,7,50.68,67.86,51.49,
1267,22,History,2.84,True,20,6,21.1,10,61.82,88.19,82.55,Recommend_Tutoring
1268,22,History,2.41,True,22,13,90.51,2,89.06,52.29,70.02,
1269,23,Physics,3.47,True,8,14,57.17,2,92.24,77.15,50.84,No_Action_Needed
1270,23,English,3.86,False,11,5,72.55,1,80.29,86.19,52.52,
1271,21,CompSci,3.77,False,8,12,39.9,1,90.67,85.28,89.03,
1272,18,Biology,3.26,True,7,3,60.63,8,54.89,64.65,91.36,
1273,19,Physics,2.35,True,21,9,77.59,7,50.15,56.35,68.4,Monitor_Progress
1274,21,History,2.5,True,11,9,25.21,5,61.98,86.13,58.31,
1275,18,Physics,3.25,True,20,6,86.2,5,58.21,94.19,93.7,
1276,20,Physics,3.12,False,25,3,42.15,5,66.72,56.3,66.69,Wellness_Referral
1277,20,History,3.0,True,12,5,32.85,7,61.69,72.06,76.29,
1278,21,Physics,3.4,False,7,15,79.57,6,59.33,87.91,45.3,
1279,23,English,3.96,False,16,1,21.84,0,66.96,74.6,50.58,
1280,20,CompSci,2.79,True,16,9,50.54,8,67.48,64.46,76.18,Recommend_Tutoring
1281,18,Biology,2.62,False,25,7,35.9,5,64.83,62.24,68.67,
1282,21,English,2.82,False,19,6,96.05,0,90.14,90.45,84.47,Recommend_Tutoring
1283,20,History,3.67,False,23,1,53.0,4,58.06,56.7,97.76,No_Action_Needed
1284,18,CompSci,2.45,False,7,11,29.65,4,83.72,51.07,99.2,
1285,21,Physics,2.75,False,25,14,35.93,1,63.51,93.37,85.58,
1286,21,Physics,2.01,True,10,2,98.18,0,76.14,74.51,92.83,
1287,23,English,3.58,True,15,3,55.92,10,62.63,77.89,46.94,
1288,20,Physics,3.46,False,8,4,59.65,7,75.4,53.74,62.62,
1289,21,Biology,2.72,True,9,6,89.31,7,88.12,59.03,62.03,No_Action_Needed
1290,19,CompSci,2.3,True,19,15,82.61,4,89.86,99.31,52.2,No_Action_Needed
1291,21,CompSci,3.79,True,22,14,81.84,6,87.49,86.34,88.4,Monitor_Progress
1292,20,Physics,3.87,True,10,3,59.46,1,78.97,99.33,73.35,Recommend_Tutoring
1293,20,History,2.89,True,22,5,66.4,4,96.92,88.45,94.39,
1294,23,CompSci,3.54,False,7,13,33.5,2,69.26,84.43,80.19,Mandatory_Advising_Meeting
1295,19,History,2.75,True,10,3,84.74,2,70.22,69.22,97.62,
1296,20,History,2.05,False,18,7,93.44,0,68.39,92.19,51.05,
1297,19,History,3.22,False,9,2,35.9,9,70.57,69.95,89.88,
1298,22,History,2.22,True,19,11,89.69,1,63.74,52.13,73.99,Monitor_Progress
1299,22,English,3.05,True,15,2,81.36,7,83.45,88.8,77.93,
1300,22,CompSci,2.91,False,21,3,66.29,2,72.63,69.14,58.7,
1301,20,History,2.66,True,18,5,29.65,4,93.98,83.37,65.7,
1302,18,History,2.2,False,17,11,50.62,7,78.69,87.24,64.77,Wellness_Referral
1303,19,History,3.8,True,19,14,71.54,9,79.74,85.64,83.97,Recommend_Tutoring
1304,22,CompSci,3.03,False,9,2,62.44,2,59.17,57.87,71.26,Monitor_Progress
1305,21,Physics,3.21,False,24,13,68.07,6,89.74,62.69,94.27,
1306,23,English,3.01,False,10,2,78.28,4,90.22,57.07,50.27,
1307,20,English,2.5,False,7,15,31.8,8,74.04,59.22,87.99,No_Action_Needed
1308,19,Biology,3.98,False,25,10,47.83,9,89.79,95.85,66.51,Wellness_Referral
1309,18,English,3.46,False,17,7,97.5,2,86.09,89.4,86.41,
1310,19,Biology,2.67,True,19,2,38.22,6,77.6,79.38,59.01,
1311,21,CompSci,3.49,False,25,6,97.11,7,74.09,76.45,82.75,No_Action_Needed
1312,23,Biology,3.75,True,20,3,94.65,8,99.3,98.64,75.17,
1313,22,Biology,3.89,True,15,4,27.77,2,53.72,92.78,83.81,
1314,20,History,2.14,False,15,4,72.41,6,84.03,61.08,73.1,Mandatory_Advising_Meeting
1315,22,CompSci,2.42,True,21,5,84.89,3,87.82,52.27,52.82,Wellness_Referral
1316,21,Physics,3.68,False,8,10,70.77,10,97.5,51.55,92.54,Check_In_Engagement
1317,22,History,2.95,True,21,9,76.84,1,94.59,86.82,83.88,
1318,19,CompSci,3.32,True,17,15,83.39,8,75.2,70.86,97.87,
1319,19,Biology,2.93,True,8,8,27.01,8,80.79,95.72,90.45,Check_In_Engagement
1320,18,Physics,2.97,True,25,12,77.42,2,85.1,65.96,61.9,No_Action_Needed
1321,21,Biology,3.32,False,21,8,20.85,10,90.37,72.26,80.55,
1322,22,CompSci,3.04,True,8,14,66.38,4,90.94,52.26,99.15,Recommend_Tutoring
1323,21,CompSci,2.04,True,15,6,41.76,4,68.92,73.87,91.02,No_Action_Needed
1324,21,English,3.7,False,5,7,59.16,1,57.81,79.2,49.74,
1325,21,History,2.08,False,15,1,61.14,0,81.39,88.91,68.06,Wellness_Referral
1326,20,CompSci,3.68,True,18,1,58.99,0,97.72,91.86,54.38,
1327,22,CompSci,3.3,False,24,2,38.47,4,63.7,58.86,66.26,Monitor_Progress
1328,20,CompSci,2.47,True,24,14,30.26,1,75.43,62.08,62.02,
1329,23,English,3.57,False,10,4,96.86,4,82.84,86.49,67.42,Wellness_Referral
1330,22,Biology,2.7,False,25,6,50.21,8,83.1,96.25,70.63,Mandatory_Advising_Meeting
1331,18,English,2.66,False,12,13,43.44,10,76.26,69.83,64.31,Mandatory_Advising_Meeting
1332,22,CompSci,3.78,True,13,14,88.86,2,65.23,52.87,78.36,
1333,21,Biology,3.32,True,11,3,69.3,0,86.65,80.52,59.14,
1334,20,History,2.07,True,20,6,62.89,6,55.47,61.72,78.49,
1335,19,CompSci,2.32,True,17,4,78.15,9,63.34,85.49,75.09,
1336,19,Physics,2.68,True,6,12,68.85,5,84.1,80.91,86.23,
1337,22,CompSci,2.38,True,12,14,68.56,1,93.02,76.26,49.91,
1338,22,CompSci,2.9,True,6,13,99.97,6,71.04,90.95,71.85,
1339,18,History,2.39,True,21,10,41.38,1,56.71,55.01,55.41,Check_In_Engagement
1340,20,Physics,2.46,True,23,9,43.8,3,97.38,95.82,78.31,Wellness_Referral
1341,22,CompSci,2.32,False,21,14,85.91,7,61.2,76.06,63.5,
1342,20,History,3.58,False,23,4,47.45,7,53.29,66.01,53.64,
1343,19,History,3.14,True,8,1,83.54,1,56.11,93.65,85.86,
1344,23,Physics,3.62,False,20,9,21.59,6,50.19,86.19,97.29,No_Action_Needed
1345,20,English,3.02,True,5,15,67.63,5,62.19,74.6,98.08,No_Action_Needed
1346,21,History,3.66,False,5,10,71.81,8,64.23,57.98,73.35,Check_In_Engagement
1347,19,CompSci,3.53,True,12,7,64.66,8,97.26,53.74,74.67,
1348,18,CompSci,3.47,False,15,15,44.59,10,98.79,51.4,99.12,
1349,23,History,2.86,False,9,4,53.5,4,97.93,59.97,88.78,
1350,18,Physics,3.9,False,22,5,64.09,8,95.25,66.72,63.22,Monitor_Progress
1351,19,CompSci,2.47,True,10,6,93.23,4,68.13,99.08,76.99,
1352,23,Biology,3.57,True,9,9,40.16,3,51.36,89.36,92.63,No_Action_Needed
1353,23,Physics,3.34,True,21,8,58.99,6,82.41,76.74,78.25,
1354,22,History,2.78,False,22,13,77.24,6,60.88,64.7,68.12,Mandatory_Advising_Meeting
1355,20,English,2.47,True,17,12,79.03,8,91.79,86.5,51.84,
1356,20,Biology,2.17,True,24,2,68.69,3,68.17,56.03,65.02,Check_In_Engagement
1357,19,Biology,3.8,True,7,14,73.49,2,97.13,84.37,81.93,
1358,19,English,3.76,False,12,14,98.29,0,75.1,74.3,51.91,
1359,20,Physics,3.52,False,16,6,27.92,10,71.34,55.32,92.58,
1360,22,Physics,2.5,False,7,10,43.95,5,61.34,94.13,46.9,Wellness_Referral
1361,20,History,3.1,False,20,2,77.42,7,54.24,95.22,58.15,
1362,23,Physics,3.91,False,25,6,53.5,5,65.26,81.96,64.73,Recommend_Tutoring
1363,19,CompSci,2.97,True,17,12,23.96,7,67.77,77.75,98.39,Monitor_Progress
1364,22,CompSci,2.63,False,9,6,49.22,3,61.07,79.88,65.57,Check_In_Engagement
1365,22,CompSci,3.97,False,6,7,30.86,1,58.57,54.4,78.54,Monitor_Progress
1366,19,Physics,3.27,False,15,12,72.05,0,87.65,88.18,66.87,
1367,19,CompSci,2.11,True,11,3,68.82,7,94.29,91.37,93.88,Mandatory_Advising_Meeting
1368,20,Biology,3.74,True,23,8,45.33,4,66.62,79.17,85.44,
1369,21,Biology,3.06,False,6,10,26.4,9,54.83,52.93,46.08,
1370,18,Physics,3.95,False,16,6,99.46,9,50.7,95.43,61.01,
1371,19,Biology,2.2,True,19,13,98.65,7,61.64,98.21,82.01,
1372,18,CompSci,3.92,True,20,5,93.85,9,98.15,58.75,83.29,Monitor_Progress
1373,21,English,2.83,True,6,8,22.21,9,99.3,68.85,47.83,Mandatory_Advising_Meeting
1374,19,Biology,2.94,False,10,7,61.46,5,93.48,77.0,60.36,
1375,22,CompSci,3.39,False,9,4,75.57,8,70.78,51.06,48.12,Wellness_Referral
1376,21,History,2.16,True,15,11,60.94,8,55.97,63.19,86.78,Check_In_Engagement
1377,20,English,3.08,False,21,2,37.82,6,73.09,73.66,92.46,Monitor_Progress
1378,23,CompSci,4.0,True,11,9,38.3,8,86.79,61.16,65.47,
1379,20,Biology,2.28,True,17,5,67.73,6,78.78,62.16,81.55,Check_In_Engagement
1380,18,CompSci,3.73,True,8,2,31.76,10,89.38,70.77,70.67,No_Action_Needed
1381,20,Biology,2.15,False,16,2,33.01,3,98.99,79.19,67.03,Monitor_Progress
1382,19,CompSci,2.72,False,23,1,68.36,1,96.14,81.5,66.18,
1383,18,Physics,3.77,False,6,4,52.12,9,53.97,83.69,83.87,
1384,18,Biology,2.81,True,8,12,62.83,4,58.42,64.07,81.21,
1385,23,English,2.14,True,11,5,58.83,0,77.03,79.57,86.15,Monitor_Progress
1386,18,Physics,3.92,True,14,12,56.89,7,52.35,53.67,67.17,
1387,23,History,2.82,False,24,13,77.76,6,79.11,62.2,84.37,Recommend_Tutoring
1388,22,Biology,2.64,False,14,11,85.2,0,55.78,89.71,69.37,Recommend_Tutoring
1389,18,Biology,3.23,False,8,12,36.07,6,85.11,51.22,62.98,No_Action_Needed
1390,21,Biology,3.55,True,12,1,66.53,0,90.56,95.5,75.15,
1391,20,Physics,3.83,False,18,5,61.79,7,80.71,50.09,68.51,
1392,18,Biology,2.66,True,18,15,87.98,10,54.71,95.49,91.42,Check_In_Engagement
1393,21,CompSci,3.19,False,15,15,99.59,9,64.62,62.07,79.26,
1394,21,CompSci,2.32,True,23,11,81.43,7,97.65,77.14,48.76,Recommend_Tutoring
1395,20,Physics,3.03,True,7,3,77.05,5,54.28,51.66,79.63,
1396,21,Physics,2.06,False,9,10,55.02,4,59.98,51.44,66.12,
1397,20,Biology,2.36,True,13,4,97.08,7,75.88,77.62,61.41,
1398,20,English,3.48,False,10,7,44.28,5,78.82,93.03,83.42,Mandatory_Advising_Meeting
1399,19,Physics,3.63,True,20,6,46.58,0,64.34,73.79,86.43,
1400,23,English,3.77,False,8,2,77.76,4,93.44,92.79,56.03,Wellness_Referral
1401,19,Physics,2.68,False,11,10,57.46,7,83.78,73.81,74.75,
1402,22,History,2.6,True,25,4,52.11,0,93.67,71.9,66.06,
1403,22,History,2.5,False,6,9,63.38,8,71.87,60.18,54.76,Recommend_Tutoring
1404,22,History,2.19,True,21,8,53.32,1,64.38,83.29,75.23,
1405,23,CompSci,3.66,False,25,7,87.76,10,78.25,84.3,47.12,Recommend_Tutoring
1406,20,History,2.46,False,18,6,98.4,5,83.29,57.57,82.15,
1407,23,Biology,2.59,True,14,2,42.77,3,56.55,58.31,83.19,Check_In_Engagement
1408,20,History,3.01,True,19,3,38.71,5,52.72,99.09,58.87,Mandatory_Advising_Meeting
1409,20,Biology,3.96,False,18,13,33.02,3,76.46,55.03,52.76,
1410,23,History,2.69,True,8,3,59.68,3,78.25,84.9,69.63,
1411,22,CompSci,3.76,False,22,8,88.52,6,73.7,55.39,70.59,Wellness_Referral
1412,23,Biology,3.59,True,21,13,83.45,9,96.41,69.94,59.85,
1413,19,English,2.67,True,24,11,78.01,1,71.07,91.26,96.28,
1414,20,Physics,2.26,True,18,3,48.06,9,89.01,68.6,68.74,Recommend_Tutoring
1415,23,Physics,2.5,False,15,12,85.73,7,90.01,70.26,60.02,
1416,19,Physics,3.84,False,19,10,65.25,7,76.95,98.15,62.56,
1417,22,History,2.51,True,22,4,23.75,10,55.2,51.58,61.16,
1418,21,History,3.04,False,23,3,75.69,10,99.31,95.08,64.54,
1419,20,Biology,3.42,False,8,3,23.76,9,73.52,69.19,75.07,Wellness_Referral
1420,22,History,3.32,True,18,13,72.5,10,61.47,97.21,80.29,Monitor_Progress
1421,21,English,3.69,False,12,6,53.43,4,50.75,70.41,72.74,Check_In_Engagement
1422,20,English,2.51,False,10,10,82.19,7,52.27,68.67,60.29,Check_In_Engagement
1423,21,Physics,3.03,False,8,13,76.55,0,57.56,99.49,72.01,Recommend_Tutoring
1424,23,CompSci,3.47,True,20,8,82.25,3,67.11,54.02,61.99,Mandatory_Advising_Meeting
1425,21,Biology,3.33,False,9,1,71.45,5,53.93,74.74,55.3,Mandatory_Advising_Meeting
1426,18,Biology,3.9,False,7,8,76.11,1,79.92,50.37,83.77,Wellness_Referral
1427,22,Physics,3.27,False,25,9,21.83,9,91.35,89.2,96.48,Monitor_Progress
1428,18,English,3.98,False,24,10,24.71,5,80.4,54.47,63.76,
1429,20,History,3.01,False,12,1,95.03,4,84.81,52.25,92.65,No_Action_Needed
1430,18,Physics,2.54,False,20,15,60.55,5,62.02,86.07,56.94,
1431,21,CompSci,2.32,False,11,3,87.49,2,80.44,97.19,56.02,
1432,18,CompSci,3.26,True,16,1,48.21,2,60.59,79.39,52.19,
1433,23,Physics,3.3,True,13,6,42.46,7,70.18,67.74,49.21,No_Action_Needed
1434,23,CompSci,2.36,True,20,15,38.3,7,60.05,73.71,94.88,
1435,20,English,2.19,True,18,13,66.43,5,90.28,62.97,70.5,No_Action_Needed
1436,21,Biology,3.68,True,9,5,40.01,7,54.82,69.81,67.27,
1437,19,English,3.28,True,16,3,66.16,5,86.71,72.61,55.77,Check_In_Engagement
1438,20,Biology,2.84,False,16,9,33.67,8,95.16,60.86,91.18,
1439,18,CompSci,3.19,False,17,2,68.49,5,84.38,97.87,54.01,No_Action_Needed
1440,22,History,2.18,False,25,14,94.67,6,60.06,78.61,71.49,
1441,18,English,2.44,True,6,15,98.93,1,82.84,85.78,90.98,Mandatory_Advising_Meeting
1442,22,History,2.19,False,6,11,22.59,3,50.91,63.58,57.48,
1443,23,CompSci,2.99,False,20,8,52.93,8,70.32,92.37,67.79,
1444,21,Biology,2.47,False,10,9,31.67,7,61.48,65.5,77.3,
1445,22,Physics,3.47,True,11,2,77.99,3,50.92,51.8,65.43,No_Action_Needed
1446,21,Biology,3.56,True,22,4,23.54,5,70.43,72.87,66.29,
1447,23,Physics,2.34,True,11,1,27.43,7,50.6,60.29,77.91,Check_In_Engagement
1448,23,CompSci,2.68,True,9,9,72.48,10,77.95,93.67,51.03,Wellness_Referral
1449,18,English,3.95,False,24,1,63.62,6,75.1,82.91,61.01,
1450,21,Physics,2.46,False,17,2,89.95,3,73.86,68.8,73.04,
1451,18,History,3.89,True,20,13,47.1,10,87.23,68.86,77.52,Mandatory_Advising_Meeting
1452,19,Biology,2.87,True,20,14,65.24,3,70.02,86.69,60.45,Recommend_Tutoring
1453,23,Biology,2.74,False,9,2,84.37,6,58.71,93.73,61.15,
1454,23,History,3.46,True,18,11,82.46,8,57.76,64.14,72.15,No_Action_Needed
1455,21,English,2.15,False,24,8,66.42,2,92.03,70.06,84.23,
1456,18,CompSci,2.26,True,20,5,61.24,8,65.16,83.89,47.6,
1457,18,Physics,2.25,False,19,15,31.88,5,97.39,59.79,65.88,
1458,19,CompSci,3.41,True,19,11,21.08,0,72.67,89.48,50.31,Recommend_Tutoring
1459,19,Biology,2.69,False,10,5,96.43,7,83.57,71.49,96.97,Mandatory_Advising_Meeting
1460,22,CompSci,3.62,True,7,15,60.65,7,62.87,93.61,85.34,No_Action_Needed
1461,22,History,2.01,True,23,3,84.41,10,93.66,54.72,45.58,Recommend_Tutoring
1462,23,History,2.17,False,21,5,99.5,4,70.31,95.18,49.05,
1463,23,Physics,2.28,False,6,2,74.72,4,58.38,72.52,63.72,Wellness_Referral
1464,21,CompSci,3.9,False,22,15,49.44,3,82.44,75.19,68.84,
1465,20,History,2.24,False,12,14,20.57,1,77.41,76.47,60.92,
1466,18,Physics,2.38,True,15,4,33.64,10,65.52,54.4,50.28,Wellness_Referral
1467,21,History,3.91,True,16,1,28.42,5,50.84,98.44,69.04,Recommend_Tutoring
1468,20,CompSci,3.03,True,20,9,80.63,1,83.99,66.91,47.53,
1469,20,Biology,2.71,True,9,11,20.78,0,62.02,85.77,95.38,No_Action_Needed
1470,22,Biology,2.05,False,13,11,63.1,1,76.81,94.87,86.05,
1471,20,Biology,3.2,True,22,13,45.2,5,83.71,61.05,76.34,Wellness_Referral
1472,22,English,2.26,True,22,1,37.06,8,59.14,60.33,86.61,
1473,19,CompSci,3.62,False,15,11,27.35,8,97.74,89.76,74.68,
1474,23,Biology,2.55,True,5,13,71.24,9,85.59,93.92,94.65,Recommend_Tutoring
1475,20,History,2.76,True,7,10,67.18,2,88.35,62.7,60.5,No_Action_Needed
1476,23,CompSci,3.56,False,24,9,38.5,9,82.59,81.96,98.13,
1477,19,CompSci,2.26,False,22,2,84.11,10,85.98,77.58,86.66,Recommend_Tutoring
1478,19,History,2.48,True,5,15,43.51,5,63.24,58.59,63.0,
1479,22,English,2.44,True,15,10,47.82,7,92.21,71.34,86.78,Mandatory_Advising_Meeting
1480,20,Physics,3.68,False,13,5,50.05,9,87.95,97.31,72.81,Mandatory_Advising_Meeting
1481,18,Biology,2.08,True,5,12,93.25,6,82.76,97.75,67.68,
1482,18,English,2.84,False,25,15,32.82,6,63.17,87.29,68.68,Monitor_Progress
1483,18,History,2.38,True,7,2,46.08,9,65.01,62.02,88.8,Recommend_Tutoring
1484,20,Biology,3.35,True,22,8,24.13,8,77.83,80.38,66.57,Monitor_Progress
1485,20,History,3.76,True,16,10,80.98,5,63.36,68.88,75.24,
1486,19,English,3.01,False,20,11,97.54,4,77.78,88.85,83.61,
1487,19,History,2.23,False,17,5,23.37,1,70.97,69.65,76.69,
1488,18,CompSci,3.9,True,18,10,28.36,5,72.83,55.42,67.7,
1489,19,Physics,2.09,True,7,13,27.22,5,87.1,86.86,87.42,No_Action_Needed
1490,18,Biology,2.94,True,5,12,66.58,10,61.83,69.7,83.11,Recommend_Tutoring
1491,21,Physics,2.57,True,8,10,85.08,7,56.69,97.88,67.12,
1492,23,History,3.83,False,25,4,24.08,6,96.73,62.34,50.71,
1493,22,English,2.37,False,24,8,61.28,5,96.2,65.63,86.17,Check_In_Engagement
1494,21,Biology,3.04,False,5,4,99.37,10,85.93,61.87,54.31,Check_In_Engagement
1495,21,Physics,2.45,False,21,1,51.52,8,92.57,76.57,51.23,Wellness_Referral
1496,18,CompSci,3.37,True,13,2,75.47,3,93.28,64.71,95.53,
1497,19,CompSci,3.48,True,7,4,73.59,7,80.38,53.1,85.73,
1498,19,English,2.24,True,9,9,38.1,3,70.8,92.37,82.2,
1499,20,Physics,2.8,False,20,4,97.59,7,66.55,93.89,90.42,Wellness_Referral
1500,23,CompSci,2.91,False,6,8,65.11,0,50.38,81.2,82.29,
